Timestamp,Name,Email,Subject,Phone,Message
"2025-08-15 19:10:18","Mohammad Sulaiman Baber",mohammad.sulaiman.baber@email.com,"Resume Website with JavaScript Enhancements and PHP Form Handling &amp; Summary Page",,"Resume Website with JavaScript  Enhancements and PHP Form Handling &amp; Summary Page"
"2025-08-15 19:13:01","Mohammad Sulaiman Baber",mohammad.sulaiman.baber@email.com,"Resume Website with JavaScript Enhancements and PHP Form Handling &amp; Summary Page",,"Resume Website with JavaScript  Enhancements and PHP Form Handling &amp; Summary Page"
  "2025-08-15 19:22:50","Mohammad Sulaiman Baber",mohammad.sulaiman.baber@email.com,"Resume Website with JavaScript Enhancements and PHP Form Handling &amp; Summary Page",,"Resume Website with JavaScript  Enhancements and PHP Form Handling &amp; Summary Page"
"2025-08-15 19:26:52","Mohammad Sulaiman Baber",mohammad.sulaiman.baber@email.com,"Resume Website with JavaScript Enhancements and PHP Form Handling &amp; Summary Page",,"Resume Website with JavaScript  Enhancements and PHP Form Handling &amp; Summary Page"
